SYNOPCode,Removed_Feature,RMSE,R2
0,SYNOPCode,0.36915223307206574,0.9791458616947045
0,RainIntensityMax,0.3733222222971787,0.9786720588117676
0,RainIntensity,0.3711733230204869,0.9789168858692198
0,Particulate,0.37150333448360806,0.9788793790660447
0,ParticulateMax,0.3721758365200097,0.9788028439982279
0,RainIntensityMin,0.37165629426423225,0.9788619834180573
0,ParticulateMin,0.370015783341878,0.9790481802575302
0,WindSpeedMin,0.3667798637739991,0.9794130400605746
0,WindDirection,0.3741243357126531,0.9785803106913261
0,WindSpeed,0.3718183177851167,0.9788435491686889
0,TemperatureMax,0.37333601107741865,0.9786704832734924
0,TemperatureDifference,0.3733225159248056,0.9786720252617946
0,TemperatureMin,0.3779875829754433,0.9781356628111212
0,WindSpeedMax,0.37401972362768277,0.9785922876993173
0,VisibilityMax,0.35818855787192877,0.9803661862640567
0,RelativeHumidity,0.36019655469856476,0.9801454358151179
0,Time,0.36171710633430226,0.979977451906307
0,VisibilityMin,0.4447831799120734,0.9697254315941422
0,Frequency,0.44854038700707977,0.9692117959257791
0,Visibility,0.6248362056430431,0.940253341304687
0,Temperature,0.681623951891322,0.9288997814844304
0,AbsoluteHumidityMax,0.8501988999714252,0.8893828850889711
0,AbsoluteHumidityMin,0.8555552394820471,0.8879846964129281
0,AbsoluteHumidity,0.8722045359368045,0.883582590423385
0,Distance,1.4352654023512188,0.6847568329441744
3,SYNOPCode,0.503539538531155,0.9718452942798321
3,Particulate,0.5193822657181498,0.9700457761895522
3,ParticulateMax,0.49979878840056224,0.9722620580319922
3,ParticulateMin,0.5192058031358331,0.9700661269103835
3,RainIntensity,0.5040408161827917,0.9717892099065131
3,RainIntensityMax,0.517926000852644,0.9702135144164031
3,RainIntensityMin,0.5341835803131898,0.9683141832348797
3,WindSpeed,0.5001961376827682,0.9722179361461649
3,WindSpeedMin,0.5310448404328783,0.9686854464384651
3,WindSpeedMax,0.5030028948137456,0.9719052736602186
3,WindDirection,0.5086109976957677,0.9712753113102411
3,VisibilityMin,0.5034366803347615,0.9718567954480671
3,VisibilityMax,0.4802330542069296,0.9743912762489305
3,Distance,0.49895321458578823,0.9723558343174555
3,Frequency,0.49545069893263693,0.9727425811334551
3,Visibility,0.546002416277532,0.9668965722001435
3,RelativeHumidity,0.5778405002555403,0.9629234092795619
3,TemperatureDifference,0.5803640795706059,0.9625988559460732
3,Temperature,0.5830611718381356,0.962250423871432
3,AbsoluteHumidity,0.6147169304613679,0.9580401249379542
3,AbsoluteHumidityMin,0.6359109498312894,0.9550968876946969
3,TemperatureMax,0.6556197170950104,0.9522703939993173
3,AbsoluteHumidityMax,0.6733717382843343,0.9496506802856317
3,TemperatureMin,0.6597935157226736,0.9516607482702799
3,Time,0.9123340311048385,0.9075745471913486
4,SYNOPCode,0.4583852795930435,0.9243351494524995
4,WindSpeed,0.45822941607421863,0.9243865969371603
4,WindSpeedMin,0.4542930676405548,0.9256801074464032
4,Distance,0.45871531923181297,0.9242261521038527
4,WindDirection,0.4589129963041301,0.9241608306322293
4,ParticulateMax,0.46152412501218454,0.9232953541745278
4,TemperatureDifference,0.45800008921315216,0.9244622614174867
4,WindSpeedMax,0.45886349292781137,0.9241771914347408
4,ParticulateMin,0.4537414729500496,0.9258604737063046
4,Time,0.45129464189124874,0.9266579223947458
4,Frequency,0.4459886484449009,0.9283723894457445
4,VisibilityMax,0.48060821483107663,0.9168207053575655
4,AbsoluteHumidityMax,0.48354018421848355,0.9158027325673118
4,Particulate,0.47477924650013553,0.9188261195621366
4,VisibilityMin,0.47698480352179384,0.9180701915471993
4,Temperature,0.48082404453946387,0.9167459809005682
4,TemperatureMax,0.47387203823428503,0.9191360373129276
4,Visibility,0.46847111202252467,0.920968816632445
4,RainIntensityMax,0.5054105940641826,0.9080140419697684
4,AbsoluteHumidity,0.5038722663644621,0.908573148560968
4,TemperatureMin,0.5128096864307148,0.9053010216562714
4,RainIntensity,0.5506351878583977,0.8908155536922159
4,RainIntensityMin,0.5498939955130417,0.891109295215528
4,AbsoluteHumidityMin,0.9235270367350165,0.6928630394971946
4,RelativeHumidity,1.238357402185639,0.44776381181546554
5,SYNOPCode,0.5533485299022964,0.9631085210270464
5,WindDirection,0.5495915611550265,0.9636077710011918
5,WindSpeedMin,0.5488797311758379,0.9637019802479666
5,WindSpeedMax,0.5511602947122286,0.963399721270234
5,TemperatureMin,0.5451430873042172,0.9641945147228309
5,Particulate,0.542906449285238,0.9644877207656277
5,WindSpeed,0.5397793503792625,0.964895638515837
5,VisibilityMax,0.537747493845252,0.9651594232654594
5,TemperatureMax,0.5372009011714675,0.965230214578443
5,ParticulateMax,0.5334967263328669,0.9657080593771604
5,Time,0.5331321743594163,0.965754908487258
5,VisibilityMin,0.5550845636949876,0.9628766768441059
5,Temperature,0.5549664544435488,0.9628924731451515
5,ParticulateMin,0.5673440765803156,0.9612187685675936
5,TemperatureDifference,0.5726005801736916,0.9604968149809536
5,Frequency,0.6147509459037713,0.9544669275103719
5,RainIntensityMin,0.711141408532959,0.9390686948827449
5,Visibility,0.7099442989191785,0.9392736613121133
5,RelativeHumidity,0.7915366634414875,0.9245132692086733
5,Distance,0.8719356549607898,0.9083995895764211
5,RainIntensity,1.0378828979202532,0.8702147742267486
5,RainIntensityMax,1.0406599639975223,0.8695193116850559
5,AbsoluteHumidityMax,1.4989479989314476,0.729291633172914
5,AbsoluteHumidityMin,1.5289848081729354,0.7183337018223345
5,AbsoluteHumidity,1.6832476512840768,0.6586306071637791
6,SYNOPCode,0.6825790608007174,0.9714797445737382
6,WindDirection,0.6842745570281913,0.971337882494082
6,WindSpeedMin,0.6767375343678621,0.9719658096889692
6,WindSpeedMax,0.6763359483435892,0.97199907162018
6,TemperatureMin,0.6717396497233481,0.9723783603796018
6,WindSpeed,0.6687392102369937,0.9726245628063462
6,TemperatureMax,0.6653813231284215,0.9728987888180214
6,AbsoluteHumidityMin,0.6583227245067004,0.9734707372472678
6,Particulate,0.6512743477400029,0.9740357708734411
6,Frequency,0.6487595537186877,0.9742358973663366
6,Time,0.8193335341077677,0.9589068959048715
6,VisibilityMin,0.8451616753599032,0.9562752758328795
6,ParticulateMax,0.8429352178691949,0.9565053454480327
6,TemperatureDifference,0.8435505856983871,0.9564418174798415
6,VisibilityMax,0.9131303124185876,0.9489597247675565
6,AbsoluteHumidityMax,0.9078294214576913,0.9495506012449589
6,RelativeHumidity,0.900703690328057,0.9503394675087681
6,ParticulateMin,0.9330826462784263,0.9467048470968874
6,Distance,0.9348844684986206,0.9464988179556031
6,Visibility,1.1039698335596928,0.925396036604637
6,Temperature,1.3069499167526717,0.8954400471746753
6,RainIntensityMax,1.7181162724515486,0.8193023144501324
6,RainIntensityMin,1.727779380548999,0.8172640222253289
6,AbsoluteHumidity,1.7321055592304178,0.816347773049518
6,RainIntensity,3.2228694330625505,0.364181865220948
7,SYNOPCode,0.30990400665605433,0.9591280476182192
7,WindSpeedMin,0.31321247190965695,0.9582507098696277
7,WindDirection,0.31388351159797584,0.9580716273369991
7,Distance,0.30812368959963726,0.9595962960073948
7,TemperatureMin,0.3105864617981145,0.9589478370623212
7,WindSpeed,0.306482737313083,0.960025500295381
7,ParticulateMax,0.3056964704958692,0.960230342539009
7,TemperatureMax,0.30637138987288437,0.9600545410805372
7,VisibilityMax,0.30680535834897904,0.959941297168839
7,Particulate,0.29754428210482053,0.9623231818381272
7,AbsoluteHumidityMin,0.2974781217596406,0.9623399352043441
7,Visibility,0.30079663970321185,0.9614950146915132
7,Frequency,0.29731379235298866,0.9623815311827845
7,ParticulateMin,0.3353991114322156,0.9521265399928593
7,AbsoluteHumidityMax,0.3327353543854894,0.9528839472961893
7,Temperature,0.331346766840436,0.9532763807792851
7,VisibilityMin,0.3292203312362746,0.9538741591197385
7,RelativeHumidity,0.324955304222366,0.9550615320745097
7,AbsoluteHumidity,0.33298280222839177,0.9528138429286459
7,RainIntensityMax,0.39385887002643793,0.933983535418622
7,RainIntensityMin,0.39533798448418095,0.9334867622520588
7,Time,0.3965586745324685,0.9330753806017201
7,WindSpeedMax,0.43518600351289166,0.9194026357171259
7,RainIntensity,0.5121068377679409,0.8883928159158527
7,TemperatureDifference,0.8034927337320241,0.7252517665644156
8,SYNOPCode,0.9029664961607062,0.9138559449371486
8,WindDirection,0.8954102357158084,0.9152916645458411
8,WindSpeedMin,0.896375269633556,0.9151089762876107
8,WindSpeedMax,0.8879607839026482,0.9166952797332547
8,Time,0.8786734507558841,0.9184287632049168
8,TemperatureMin,0.8910143469476343,0.91612134989177
8,TemperatureMax,0.8907501654991065,0.9161710817469677
8,WindSpeed,0.8816059081554075,0.9178833880533045
8,RelativeHumidity,0.8794366169892781,0.9182870053130552
8,Frequency,0.8866917952008585,0.9169332118885024
8,TemperatureDifference,1.0622505355786946,0.8807836129636906
8,VisibilityMax,1.1065133067138728,0.8706413958627593
8,Particulate,1.1096302989954712,0.8699115760241418
8,Distance,1.0997301004184257,0.8722225364566315
8,Temperature,1.1480734338849714,0.8607416087647292
8,ParticulateMax,1.1701745413179396,0.8553283852045634
8,Visibility,1.172298198543643,0.8548028025745876
8,RainIntensityMax,1.1795308803636904,0.853005640875322
8,ParticulateMin,1.1790755127049328,0.8531191157450161
8,AbsoluteHumidityMin,1.1731230569675253,0.8545984019073367
8,VisibilityMin,1.1568900076901447,0.8585945401305888
8,RainIntensityMin,1.3511800189339145,0.8071105533646687
8,AbsoluteHumidityMax,1.3566014601762153,0.8055595583310791
8,RainIntensity,1.4146008152628775,0.7885781607546967
8,AbsoluteHumidity,2.564124656018664,0.3053591681727239
generic,WindDirection,0.4800985691295305,0.980509033313182
generic,WindSpeedMin,0.47967067382441375,0.9805437610839138
generic,WindSpeed,0.47910793693783543,0.9805893853904306
generic,Particulate,0.4786401449111036,0.980627271207858
generic,WindSpeedMax,0.47763894127496587,0.9807082329103398
generic,AbsoluteHumidityMax,0.4733042315575061,0.9810568006098679
generic,TemperatureMin,0.469908115670364,0.9813276728720332
generic,VisibilityMin,0.46627130418313095,0.9816155800123677
generic,AbsoluteHumidityMin,0.46268512359200065,0.9818972885802768
generic,ParticulateMin,0.4549304486402706,0.9824990120200643
generic,TemperatureDifference,0.45366023605438605,0.9825966047007728
generic,VisibilityMax,0.4776253681198925,0.9807093293302638
generic,Time,0.4762212773924912,0.9808225814355375
generic,Frequency,0.5503088057615158,0.9743914210026234
generic,TemperatureMax,0.716092943203869,0.9566377964369231
generic,ParticulateMax,0.7142019783862791,0.9568665045660248
generic,RelativeHumidity,0.7161783162478669,0.9566274564830862
generic,SYNOPCode,0.7281079719693557,0.9551704759314787
generic,Visibility,0.729090432035896,0.9550494144038543
generic,RainIntensityMin,0.8514032200308462,0.9387024477227923
generic,Temperature,0.8482811544736569,0.9391511753986291
generic,RainIntensityMax,1.0556904600071981,0.9057577274913706
generic,Distance,1.053323606531936,0.9061798353184234
generic,RainIntensity,2.1954880674804333,0.5923994906187874
generic,AbsoluteHumidity,3.5153584883752913,-0.04498918542114061
